INSERT INTO concursante (id, enlace, artista, cancion, puesto, enabled, pais_id) VALUES (1,'https://www.youtube.com/watch?v=eWEFU2c3tBI','Miki','La venda',22,1,(select id from pais where nombre like 'España'));
INSERT INTO concursante (id, enlace, artista, cancion, puesto, enabled, pais_id) VALUES (2,'https://www.youtube.com/watch?v=XoVKpOodlos','Kate Miller-Heidke','Zero gravity',9,1,(select id from pais where nombre like 'Australia'));
INSERT INTO concursante (id, enlace, artista, cancion, puesto, enabled, pais_id) VALUES (3,'https://www.youtube.com/watch?v=S2HFBexHDXk','Paenda','Limits',0,1,(select id from pais where nombre like 'Austria'));
INSERT INTO concursante (id, enlace, artista, cancion, puesto, enabled, pais_id) VALUES (4,'https://www.youtube.com/watch?v=eo4aFzAkQkA','Jonida Maliqi','Ktheju tokës',18,1,(select id from pais where nombre like 'Albania'));
INSERT INTO concursante (id, enlace, artista, cancion, puesto, enabled, pais_id) VALUES (5,'https://www.youtube.com/watch?v=q_46dy4yJwg','Srbuk','Walking out',0,1,(select id from pais where nombre like 'Armenia'));
INSERT INTO concursante (id, enlace, artista, cancion, puesto, enabled, pais_id) VALUES (6,'https://www.youtube.com/watch?v=iyZJ_aMw5hY','Chingiz Mustafayev','Truth',7,1,(select id from pais where nombre like 'Azerbaijan'));
INSERT INTO concursante (id, enlace, artista, cancion, puesto, enabled, pais_id) VALUES (7,'https://www.youtube.com/watch?v=nu4HOjjurdE','Zena','Like it',25,1,(select id from pais where nombre like 'Bielorrusia'));
INSERT INTO concursante (id, enlace, artista, cancion, puesto, enabled, pais_id) VALUES (8,'https://www.youtube.com/watch?v=17QXkQEckE4','Eliot','Wake up',0,1,(select id from pais where nombre like 'Belgica'));
INSERT INTO concursante (id, enlace, artista, cancion, puesto, enabled, pais_id) VALUES (9,'https://www.youtube.com/watch?v=-mYYWSEAa9s','Roko Blazevic','The dream',0,1,(select id from pais where nombre like 'Croacia'));
INSERT INTO concursante (id, enlace, artista, cancion, puesto, enabled, pais_id) VALUES (10,'https://www.youtube.com/watch?v=WPFUZswe_zw','Tamta','replay',15,1,(select id from pais where nombre like 'Chipre'));
INSERT INTO concursante (id, enlace, artista, cancion, puesto, enabled, pais_id) VALUES (11,'https://www.youtube.com/watch?v=yH1-uy9FYKE','Lake Malawi','Friend of a friend',11,1,(select id from pais where nombre like 'Republica checa'));
INSERT INTO concursante (id, enlace, artista, cancion, puesto, enabled, pais_id) VALUES (12,'https://www.youtube.com/watch?v=qgA2BqvwEcI','Leonora','Love is forever',12,1,(select id from pais where nombre like 'Dinamarca'));
INSERT INTO concursante (id, enlace, artista, cancion, puesto, enabled, pais_id) VALUES (13,'https://www.youtube.com/watch?v=a4bfC0NPl1I','Victor Crone','Storm',19,1,(select id from pais where nombre like 'Estonia'));
INSERT INTO concursante (id, enlace, artista, cancion, puesto, enabled, pais_id) VALUES (14,'https://www.youtube.com/watch?v=d4DPGAJhSac','Darude feat. Sebastian Rejman','look away',0,1,(select id from pais where nombre like 'Finlandia'));
INSERT INTO concursante (id, enlace, artista, cancion, puesto, enabled, pais_id) VALUES (15,'https://www.youtube.com/watch?v=dw7WqoSHtgU','Bilal hassani','Roi',14,1,(select id from pais where nombre like 'Francia'));
INSERT INTO concursante (id, enlace, artista, cancion, puesto, enabled, pais_id) VALUES (16,'https://www.youtube.com/watch?v=Blvo_Ol4Bzc','Oto nemsadze','Sul tsin lare',21,1,(select id from pais where nombre like 'Georgia'));
INSERT INTO concursante (id, enlace, artista, cancion, puesto, enabled, pais_id) VALUES (17,'https://www.youtube.com/watch?v=6iNqVzNnhI4','S!sters','Sister',24,1,(select id from pais where nombre like 'Alemania'));
INSERT INTO concursante (id, enlace, artista, cancion, puesto, enabled, pais_id) VALUES (18,'https://www.youtube.com/watch?v=Lc_b7SlK9js','Katerine Duska','Better love',0,1,(select id from pais where nombre like 'Grecia'));
INSERT INTO concursante (id, enlace, artista, cancion, puesto, enabled, pais_id) VALUES (19,'https://www.youtube.com/watch?v=2b_vZFUVs_g','Joci pápai','Az én apám',0,1,(select id from pais where nombre like 'Hungria'));
INSERT INTO concursante (id, enlace, artista, cancion, puesto, enabled, pais_id) VALUES (20,'https://www.youtube.com/watch?v=UGrRhIj4FRw','Hatari','Hatrid mun sigra',10,1,(select id from pais where nombre like 'Islandia'));
INSERT INTO concursante (id, enlace, artista, cancion, puesto, enabled, pais_id) VALUES (21,'https://www.youtube.com/watch?v=LXBIDYh_UE4','Sarah Mcternan','22',0,1,(select id from pais where nombre like 'Irlanda'));
INSERT INTO concursante (id, enlace, artista, cancion, puesto, enabled, pais_id) VALUES (22,'https://www.youtube.com/watch?v=7d__XXiVJkE','Kobi Marimi','Home',23,1,(select id from pais where nombre like 'Israel'));
INSERT INTO concursante (id, enlace, artista, cancion, puesto, enabled, pais_id) VALUES (23,'https://www.youtube.com/watch?v=22lISUXgSUw','Mahmood','Soldi',2,1,(select id from pais where nombre like 'Italia'));
INSERT INTO concursante (id, enlace, artista, cancion, puesto, enabled, pais_id) VALUES (24,'https://www.youtube.com/watch?v=6j61TWsjcJY','Carousel','That night',0,1,(select id from pais where nombre like 'Letonia'));
INSERT INTO concursante (id, enlace, artista, cancion, puesto, enabled, pais_id) VALUES (25,'https://www.youtube.com/watch?v=ut-0TaybLRE','Jurijus','Run with the lions',0,1,(select id from pais where nombre like 'Lituania'));
INSERT INTO concursante (id, enlace, artista, cancion, puesto, enabled, pais_id) VALUES (26,'https://www.youtube.com/watch?v=tdyQ-ebzFgk','Michela','Chameleon',16,1,(select id from pais where nombre like 'Malta'));
INSERT INTO concursante (id, enlace, artista, cancion, puesto, enabled, pais_id) VALUES (27,'https://www.youtube.com/watch?v=p3OC8qhZBWQ','Anna Odobescu','Stay',0,1,(select id from pais where nombre like 'Moldovia'));
INSERT INTO concursante (id, enlace, artista, cancion, puesto, enabled, pais_id) VALUES (28,'https://www.youtube.com/watch?v=EXmXfHhLBoQ','D-mol','Heaven',0,1,(select id from pais where nombre like 'Montenegro'));
INSERT INTO concursante (id, enlace, artista, cancion, puesto, enabled, pais_id) VALUES (29,'https://www.youtube.com/watch?v=Eztx7Wr8PtE','Duncan Laurence','Arcade',1,1,(select id from pais where nombre like 'Paises Bajos'));
INSERT INTO concursante (id, enlace, artista, cancion, puesto, enabled, pais_id) VALUES (30,'https://www.youtube.com/watch?v=Sw-NQ1a1zZ0','Tamara Todevska','Proud',8,1,(select id from pais where nombre like 'Macedonia del Norte'));
INSERT INTO concursante (id, enlace, artista, cancion, puesto, enabled, pais_id) VALUES (31,'https://www.youtube.com/watch?v=3EmUmbhDRiY','Keiino','Spirit in the sky',5,1,(select id from pais where nombre like 'Noruega'));
INSERT INTO concursante (id, enlace, artista, cancion, puesto, enabled, pais_id) VALUES (32,'https://www.youtube.com/watch?v=hVkyOjwpUCQ','Tulia','Pali sie (Fire of love)',0,1,(select id from pais where nombre like 'Polonia'));
INSERT INTO concursante (id, enlace, artista, cancion, puesto, enabled, pais_id) VALUES (33,'https://www.youtube.com/watch?v=xSbp8lwCQp8','Conan osíris','Telemóveis',0,1,(select id from pais where nombre like 'Portugal'));
INSERT INTO concursante (id, enlace, artista, cancion, puesto, enabled, pais_id) VALUES (34,'https://www.youtube.com/watch?v=T1dhF0_QyH0','Ester peony','On a sunday',0,1,(select id from pais where nombre like 'Rumania'));
INSERT INTO concursante (id, enlace, artista, cancion, puesto, enabled, pais_id) VALUES (35,'https://www.youtube.com/watch?v=gEpUgRtXBss','Sergey Lazarev','Scream',3,1,(select id from pais where nombre like 'Rusia'));
INSERT INTO concursante (id, enlace, artista, cancion, puesto, enabled, pais_id) VALUES (36,'https://www.youtube.com/watch?v=eWEFU2c3tBI','Serhat','Say na na na',20,1,(select id from pais where nombre like 'San marino'));
INSERT INTO concursante (id, enlace, artista, cancion, puesto, enabled, pais_id) VALUES (37,'https://www.youtube.com/watch?v=eWEFU2c3tBI','Nevena Bozovic','Kruna',17,1,(select id from pais where nombre like 'Serbia'));
INSERT INTO concursante (id, enlace, artista, cancion, puesto, enabled, pais_id) VALUES (38,'https://www.youtube.com/watch?v=vleF8-gAn_U','Zala Kralj & Gasper Santi','Sebi',13,1,(select id from pais where nombre like 'Eslovenia'));
INSERT INTO concursante (id, enlace, artista, cancion, puesto, enabled, pais_id) VALUES (39,'https://www.youtube.com/watch?v=eWEFU2c3tBI','John Lundvik','Too late for love',6,1,(select id from pais where nombre like 'Suecia'));
INSERT INTO concursante (id, enlace, artista, cancion, puesto, enabled, pais_id) VALUES (40,'https://www.youtube.com/watch?v=6PxoMWtAC7M','Luca Hanni','She got me',4,1,(select id from pais where nombre like 'Suiza'));
INSERT INTO concursante (id, enlace, artista, cancion, puesto, enabled, pais_id) VALUES (41,'https://www.youtube.com/watch?v=WOBhTgSrXJQ','Michael Rice','Bigger than us',26,1,(select id from pais where nombre like 'Reino Unido'));

update concursante set enabled=0 where puesto=0;

INSERT INTO liga (id,nombre) VALUES (1,'origen_2019');

INSERT INTO jugador (id, invitacion_aceptada, usuario_id, liga_id) VALUES (1,1,1,1);
INSERT INTO jugador (id, invitacion_aceptada, usuario_id, liga_id) VALUES (2,1,2,1);
INSERT INTO jugador (id, invitacion_aceptada, usuario_id, liga_id) VALUES (3, 1,4,1);
INSERT INTO jugador (id, invitacion_aceptada, usuario_id, liga_id) VALUES (4, 1,5,1);
INSERT INTO jugador (id, invitacion_aceptada, usuario_id, liga_id) VALUES (5, 1,6,1);
INSERT INTO jugador (id, invitacion_aceptada, usuario_id, liga_id) VALUES (6, 1,7,1);
INSERT INTO jugador (id, invitacion_aceptada, usuario_id, liga_id) VALUES (7, 1,9,1);
INSERT INTO jugador (id, invitacion_aceptada, usuario_id, liga_id) VALUES (8, 1,10,1);
INSERT INTO jugador (id, invitacion_aceptada, usuario_id, liga_id) VALUES (9, 1,12,1);

INSERT INTO jugador_concursante (id, jugador_id, concursante_id) VALUES (1,1,1);
INSERT INTO jugador_concursante (id, jugador_id, concursante_id) VALUES (2,1,23);
INSERT INTO jugador_concursante (id, jugador_id, concursante_id) VALUES (3,1,10);
INSERT INTO jugador_concursante (id, jugador_id, concursante_id) VALUES (4,2,36);
INSERT INTO jugador_concursante (id, jugador_id, concursante_id) VALUES (5,2,1);
INSERT INTO jugador_concursante (id, jugador_id, concursante_id) VALUES (6,2,23);
INSERT INTO jugador_concursante (id, jugador_id, concursante_id) VALUES (7,3,1);
INSERT INTO jugador_concursante (id, jugador_id, concursante_id) VALUES (8,3,40);
INSERT INTO jugador_concursante (id, jugador_id, concursante_id) VALUES (9,3,29);
INSERT INTO jugador_concursante (id, jugador_id, concursante_id) VALUES (10,4,1);
INSERT INTO jugador_concursante (id, jugador_id, concursante_id) VALUES (11,4,23);
INSERT INTO jugador_concursante (id, jugador_id, concursante_id) VALUES (12,4,31);
INSERT INTO jugador_concursante (id, jugador_id, concursante_id) VALUES (13,5,15);
INSERT INTO jugador_concursante (id, jugador_id, concursante_id) VALUES (14,5,40);
INSERT INTO jugador_concursante (id, jugador_id, concursante_id) VALUES (15,5,1);
INSERT INTO jugador_concursante (id, jugador_id, concursante_id) VALUES (16,6,31);
INSERT INTO jugador_concursante (id, jugador_id, concursante_id) VALUES (17,6,40);
INSERT INTO jugador_concursante (id, jugador_id, concursante_id) VALUES (18,6,15);
INSERT INTO jugador_concursante (id, jugador_id, concursante_id) VALUES (19,7,23);
INSERT INTO jugador_concursante (id, jugador_id, concursante_id) VALUES (20,7,39);
INSERT INTO jugador_concursante (id, jugador_id, concursante_id) VALUES (21,7,40);
INSERT INTO jugador_concursante (id, jugador_id, concursante_id) VALUES (22,8,1);
INSERT INTO jugador_concursante (id, jugador_id, concursante_id) VALUES (23,8,15);
INSERT INTO jugador_concursante (id, jugador_id, concursante_id) VALUES (24,8,2);
INSERT INTO jugador_concursante (id, jugador_id, concursante_id) VALUES (25,9,39);
INSERT INTO jugador_concursante (id, jugador_id, concursante_id) VALUES (26,9,29);
INSERT INTO jugador_concursante (id, jugador_id, concursante_id) VALUES (27,9,2);

DROP TABLE usuario_pais;

commit;